<?xml version="1.0"?>
<doc>
    <assembly>
        <name>BreastWise</name>
    </assembly>
    <members>
        <member name="M:BreastWise.Program.Main">
            <summary>
             The main entry point for the application.
            </summary>
        </member>
        <member name="T:BreastWise.Properties.Resources">
            <summary>
              A strongly-typed resource class, for looking up localized strings, etc.
            </summary>
        </member>
        <member name="P:BreastWise.Properties.Resources.ResourceManager">
            <summary>
              Returns the cached ResourceManager instance used by this class.
            </summary>
        </member>
        <member name="P:BreastWise.Properties.Resources.Culture">
            <summary>
              Overrides the current thread's CurrentUICulture property for all
              resource lookups using this strongly typed resource class.
            </summary>
        </member>
        <member name="P:BreastWise.Properties.Resources.breastwise">
            <summary>
              Looks up a localized resource of type System.Drawing.Bitmap.
            </summary>
        </member>
        <member name="F:BreastWise.SplashScreenForm.components">
            <summary>
             Required designer variable.
            </summary>
        </member>
        <member name="M:BreastWise.SplashScreenForm.Dispose(System.Boolean)">
            <summary>
             Clean up any resources being used.
            </summary>
            <param name="disposing">true if managed resources should be disposed; otherwise, false.</param>
        </member>
        <member name="M:BreastWise.SplashScreenForm.InitializeComponent">
            <summary>
             Required method for Designer support - do not modify
             the contents of this method with the code editor.
            </summary>
        </member>
        <member name="F:BreastWise.UploadScan.components">
            <summary>
            Required designer variable.
            </summary>
        </member>
        <member name="M:BreastWise.UploadScan.Dispose(System.Boolean)">
            <summary>
            Clean up any resources being used.
            </summary>
            <param name="disposing">true if managed resources should be disposed; otherwise, false.</param>
        </member>
        <member name="M:BreastWise.UploadScan.InitializeComponent">
            <summary>
            Required method for Designer support - do not modify
            the contents of this method with the code editor.
            </summary>
        </member>
        <member name="T:BreastWise.ApplicationConfiguration">
            <summary>
             Bootstrap the application configuration.
            </summary>
        </member>
        <member name="M:BreastWise.ApplicationConfiguration.Initialize">
            <summary>
             Bootstrap the application as follows:
             <code>
             global::System.Windows.Forms.Application.EnableVisualStyles();
             global::System.Windows.Forms.Application.SetCompatibleTextRenderingDefault(false);
             global::System.Windows.Forms.Application.SetHighDpiMode(HighDpiMode.SystemAware);
            </code>
            </summary>
        </member>
    </members>
</doc>
